{"unfiltered_f1": 60.98777663496211, "f1": 63.76423753471052, "HEQ": 59.44013388102845, "DHEQ": 6.5, "yes/no": 86.79446219382322, "followup": 62.40681576144835, "unanswerable_acc": 62.04576043068641, "unfiltered_f1_turns": [0, 73.36120402865863, 64.51095913302115, 59.517729824658375, 56.897934402305175, 59.19965511514525, 55.32514975379404, 58.95637195075177, 54.694376842495934, 59.52738364162233, 62.95710611591144, 67.45384478152927, 59.181343759174204, 0, 0]}