{"unfiltered_f1": 60.98777663496211, "f1": 63.76423753471052, "HEQ": 59.44013388102845, "DHEQ": 6.5, "yes/no": 86.79446219382322, "followup": 62.40681576144835, "unanswerable_acc": 62.04576043068641, "unfiltered_f1_turns": [0, 55.31839011879026, 68.26417485122808, 65.94951848390843, 60.130945642324704, 64.72519888072529, 60.638473185127225, 60.489514254014864, 61.249721957776856, 63.193643577185114, 62.485978026299016, 65.67118498220752, 64.1398068849493, 61.354093337600794, 64.56628704158254, 60.726489391248236, 63.98032372368503, 59.33514218465368, 62.99759530575114, 66.0894414645387, 61.28468828690476, 63.68526583097497, 62.054111837337054, 61.541800147046565, 66.48514439859244, 55.397584142435235, 64.20589932921395, 48.18430554710839, 53.54300530221651, 82.66666666666667, 86.37873754152825]}