{"unfiltered_f1": 57.9102929005147, "f1": 59.11052348829024, "HEQ": 54.37395405446524, "DHEQ": 3.8, "yes/no": 100.0, "followup": 100.0, "unanswerable_acc": 20.726783310901748, "unfiltered_f1_turns": [0, 80.2457025557712, 54.87595136846609, 55.413875567466874, 51.16396529712722, 53.628236882326455, 57.72188109156103, 57.108072758041914, 60.278712773479576, 56.16963617868513, 55.872338660086264, 57.488950766319576, 57.15372579424672, 54.32575889637067, 57.725080696439065, 54.756689796522934, 58.173837738658506, 57.3292737213648, 58.9802864046985, 58.5476274774865, 58.551335425436136, 59.364949825783114, 56.62264339059807, 55.49900150321922, 54.763094524595196, 52.219195887430736, 50.860686839673036, 49.4478513107142, 47.062695147597374, 43.31035030284697, 58.23135511210975]}