{"unfiltered_f1": 59.431236487990994, "f1": 60.961239931405125, "HEQ": 56.35174197474517, "DHEQ": 4.9, "yes/no": 44.01338810284497, "followup": 22.74456108321923, "unanswerable_acc": 32.97442799461642, "unfiltered_f1_turns": [0, 74.37437638137321, 61.486972997371815, 54.008201783507204, 56.2063058645749, 57.60431784499607, 55.1518909270612, 57.68666707595667, 55.342214508618426, 57.56234882191248, 60.57905087208742, 59.690739123479695, 59.09075216686348, 0, 0]}