{"unfiltered_f1": 57.9102929005147, "f1": 59.11052348829024, "HEQ": 54.37395405446524, "DHEQ": 3.8, "yes/no": 100.0, "followup": 100.0, "unanswerable_acc": 20.726783310901748, "unfiltered_f1_turns": [0, 74.46534026647895, 61.6527191638204, 54.45016305268268, 54.001942316870064, 55.934834563841164, 51.985094003368836, 54.936017439596625, 53.48909729152481, 51.365939549948216, 56.51112609147428, 51.4969227556709, 60.50680011240563, 0, 0]}