{"unfiltered_f1": 59.431236487990994, "f1": 60.961239931405125, "HEQ": 56.35174197474517, "DHEQ": 4.9, "yes/no": 44.01338810284497, "followup": 22.74456108321923, "unanswerable_acc": 32.97442799461642, "unfiltered_f1_turns": [0, 76.26500786794905, 63.71537657897745, 62.69075754964057, 54.59348245770348, 52.90552547742907, 57.12944767712868, 55.87558880616058, 57.61829310284988, 60.67943080610757, 61.038887251881185, 61.43456002897885, 58.183034514684145, 57.064513270245236, 58.24637656785692, 57.491501693015174, 58.46568423641462, 55.659935586020836, 56.691040002544426, 60.75618352321377, 57.06690774247814, 57.151441482725225, 57.419829325058146, 57.8424527927631, 55.98004958614769, 53.53351193679745, 52.279275650339656, 54.05489323203165, 49.76065403061828, 55.25606175291064, 51.89251287069833]}