{"unfiltered_f1": 59.431236487990994, "f1": 60.961239931405125, "HEQ": 56.35174197474517, "DHEQ": 4.9, "yes/no": 44.01338810284497, "followup": 22.74456108321923, "unanswerable_acc": 32.97442799461642}