{"unfiltered_f1": 61.06780197160386, "f1": 63.85377143485716, "HEQ": 59.51620264719306, "DHEQ": 6.5, "yes/no": 86.9161722196866, "followup": 62.52852578731173, "unanswerable_acc": 62.11305518169583}