{"unfiltered_f1": 57.2070211181217, "f1": 58.69896755645069, "HEQ": 53.01993001673513, "DHEQ": 3.7, "yes/no": 100.0, "followup": 100.0, "unanswerable_acc": 33.64737550471063}